phase,rounds,job_id,panel,alpha_hex_text,delta_hex_text,alpha_description,delta_description,controls_present,hespn_present,hespn_keys_completed,hespn_trials,hespn_mean_returned_hw,hespn_mean_hw_theoretical_z,hespn_mean_returned_active_bytes,hespn_mean_active_theoretical_z,hespn_exact_successes,hespn_exact_probability,hespn_weight_leq_48_probability,hespn_weight_leq_48_binomial_z,hespn_active_bytes_leq_14_probability,hespn_active_bytes_leq_14_binomial_z,hespn_hw_distribution_p,hespn_active_distribution_p,hespn_output_bits_min_within_job_q,hespn_byte_activity_min_within_job_q,hespn_minimum_broad_bh_q,hespn_broad_flag_q_le_0_05,hespn_degenerate_rate,feistel_null_present,feistel_null_keys_completed,feistel_null_trials,feistel_null_mean_returned_hw,feistel_null_mean_hw_theoretical_z,feistel_null_mean_returned_active_bytes,feistel_null_mean_active_theoretical_z,feistel_null_exact_successes,feistel_null_exact_probability,feistel_null_weight_leq_48_probability,feistel_null_weight_leq_48_binomial_z,feistel_null_active_bytes_leq_14_probability,feistel_null_active_bytes_leq_14_binomial_z,feistel_null_hw_distribution_p,feistel_null_active_distribution_p,feistel_null_output_bits_min_within_job_q,feistel_null_byte_activity_min_within_job_q,feistel_null_minimum_broad_bh_q,feistel_null_broad_flag_q_le_0_05,feistel_null_degenerate_rate,spn_null_present,spn_null_keys_completed,spn_null_trials,spn_null_mean_returned_hw,spn_null_mean_hw_theoretical_z,spn_null_mean_returned_active_bytes,spn_null_mean_active_theoretical_z,spn_null_exact_successes,spn_null_exact_probability,spn_null_weight_leq_48_probability,spn_null_weight_leq_48_binomial_z,spn_null_active_bytes_leq_14_probability,spn_null_active_bytes_leq_14_binomial_z,spn_null_hw_distribution_p,spn_null_active_distribution_p,spn_null_output_bits_min_within_job_q,spn_null_byte_activity_min_within_job_q,spn_null_minimum_broad_bh_q,spn_null_broad_flag_q_le_0_05,spn_null_degenerate_rate,spn_minus_hespn_mean_returned_hw,spn_minus_hespn_mean_hw_theoretical_z,spn_minus_hespn_mean_returned_active_bytes,spn_minus_hespn_mean_active_theoretical_z,spn_minus_hespn_exact_probability,spn_minus_hespn_weight_leq_48_probability,spn_minus_hespn_active_bytes_leq_14_probability,spn_minus_hespn_degenerate_rate,feistel_minus_hespn_mean_returned_hw,feistel_minus_hespn_mean_hw_theoretical_z,feistel_minus_hespn_mean_returned_active_bytes,feistel_minus_hespn_mean_active_theoretical_z,feistel_minus_hespn_exact_probability,feistel_minus_hespn_weight_leq_48_probability,feistel_minus_hespn_active_bytes_leq_14_probability,feistel_minus_hespn_degenerate_rate
calibration,4,bit_a019_d019_off+000,bit_positions,'00001000000000000000000000000000,'00001000000000000000000000000000,"single bit 19 (byte 2, bit-in-byte 3, MSB-first)","single bit 19 (byte 2, bit-in-byte 3, offset +0)",hespn;spn_null,True,8,159998,20.01508768859608,-3110.1835376995873,5.784172302153787,-16277.044993246778,2946,0.018412730159126988,0.9999937499218741,7337.929369381422,1.0,9511.153146967808,0.0,0.0,0.0,0.0,0.0,True,1.25e-05,False,,,,,,,,,,,,,,,,,,,,True,8,160000,64.02038750000007,1.4416139501489726,15.936762499999992,-1.1823114615823813,0,0.0,0.00294375,-0.13875702243480678,0.0019,1.281015783598658,0.9599846346979145,0.4415113275026721,0.7828310596257795,0.5117894364185361,0.9754221929616307,False,0.0,44.00529981140399,3111.6251516497364,10.152590197846205,16275.862681785196,-0.018412730159126988,-0.997049999921874,-0.9981,-1.25e-05,,,,,,,,
calibration,4,bit_a044_d044_off+000,bit_positions,'00000000000800000000000000000000,'00000000000800000000000000000000,"single bit 44 (byte 5, bit-in-byte 4, MSB-first)","single bit 44 (byte 5, bit-in-byte 4, offset +0)",hespn;spn_null,True,8,160000,1.0,-4454.772721475249,1.0,-23946.816891096114,160000,1.0,1.0,7338.0212313541515,1.0,9511.212592232278,0.0,0.0,0.0,0.0,0.0,True,0.0,False,,,,,,,,,,,,,,,,,,,,True,8,160000,63.97553749999999,-1.7297599634784906,15.937299999999983,-0.3206268370633267,0,0.0,0.0029875,0.18323534207970849,0.0017125,-0.5054907493981631,0.2757421596601229,0.8669533655774215,0.39459494829981534,0.2883083143091094,0.9754221929616307,False,0.0,62.97553749999999,4453.042961511771,14.937299999999983,23946.49626425905,-1.0,-0.9970125,-0.9982875,0.0,,,,,,,,
calibration,4,bit_a068_d068_off+000,bit_positions,'00000000000000000800000000000000,'00000000000000000800000000000000,"single bit 68 (byte 8, bit-in-byte 4, MSB-first)","single bit 68 (byte 8, bit-in-byte 4, offset +0)",hespn;spn_null,True,8,160000,11.137274999999992,-3737.959131949964,3.6023812500000036,-19774.8505463549,52673,0.32920625,1.0,7338.0212313541515,1.0,9511.212592232278,0.0,0.0,0.0,0.0,0.0,True,0.0,False,,,,,,,,,,,,,,,,,,,,True,8,160000,64.02302500000002,1.6281133636833183,15.9381,0.9618805111073956,0,0.0,0.0029625,-0.0007602947857288064,0.00173125,-0.32684009609848097,0.5865102490975633,0.4373483423234267,0.6447920986209598,0.9399889579884325,0.9754221929616307,False,0.0,52.88575000000003,3739.5872453136476,12.335718749999996,19775.812426866007,-0.32920625,-0.9970375,-0.99826875,0.0,,,,,,,,
calibration,4,bit_a093_d093_off+000,bit_positions,'00000000000000000000000400000000,'00000000000000000000000400000000,"single bit 93 (byte 11, bit-in-byte 5, MSB-first)","single bit 93 (byte 11, bit-in-byte 5, offset +0)",hespn;spn_null,True,8,159996,19.50976899422486,-3145.8950796481295,5.791632290807279,-16264.98404678751,164,0.001025025625640641,1.0,7337.929505515469,1.0,9511.0937013318,0.0,0.0,0.0,0.0,0.0,True,2.5e-05,False,,,,,,,,,,,,,,,,,,,,True,8,160000,63.996187500000154,-0.26958446031647454,15.937162499999989,-0.5410577875155304,0,0.0,0.00308125,0.8732189803250984,0.001675,-0.8627920559975273,0.9601812211966052,0.628169634650517,0.2980711869133853,0.7684336209765789,0.9754221929616307,False,0.0,44.48641850577529,3145.625495187813,10.14553020919271,16264.442988999994,-0.001025025625640641,-0.99691875,-0.998325,-2.5e-05,,,,,,,,
calibration,4,bit_a118_d118_off+000,bit_positions,'00000000000000000000000000000200,'00000000000000000000000000000200,"single bit 118 (byte 14, bit-in-byte 6, MSB-first)","single bit 118 (byte 14, bit-in-byte 6, offset +0)",hespn;spn_null,True,8,160000,1.0,-4454.772721475249,1.0,-23946.816891096114,160000,1.0,1.0,7338.0212313541515,1.0,9511.212592232278,0.0,0.0,0.0,0.0,0.0,True,0.0,False,,,,,,,,,,,,,,,,,,,,True,8,160000,64.01428124999983,1.0098368718697146,15.938293749999994,1.2724877594760067,0,0.0,0.00301875,0.4132298881615051,0.00183125,0.6259633881664902,0.7985832937032921,0.414440176828763,0.6853076336462561,0.1958349290695642,0.3727624427038272,False,0.0,63.014281249999826,4455.782558347119,14.938293749999994,23948.08937885559,-1.0,-0.99698125,-0.99816875,0.0,,,,,,,,
calibration,4,bytepos_ab15_db15_a07_d10_off+00,byte_positions,'00000000000000000000000000000007,'00000000000000000000000000000010,"byte 15, value 0x07","byte 15, value 0x10, byte offset +0",hespn;spn_null,True,8,160000,15.92760000000002,-3399.2320027912174,4.491206249999987,-18349.944804214105,3241,0.02025625,1.0,7338.0212313541515,1.0,9511.212592232278,0.0,0.0,0.0,0.0,0.0,True,0.0,False,,,,,,,,,,,,,,,,,,,,True,8,160000,64.00123749999996,0.08750446416896217,15.937056249999998,-0.7113907946764113,0,0.0,0.003,0.27523316051242713,0.00173125,-0.32684009609848097,0.5106742674859457,0.7949898369662951,0.07376926815232386,0.32105428715586826,0.9754221929616307,False,0.0,48.07363749999994,3399.3195072553863,11.44585000000001,18349.233413419428,-0.02025625,-0.997,-0.99826875,0.0,,,,,,,,
calibration,4,value_b00_a07_d10,byte_values,'07000000000000000000000000000000,'10000000000000000000000000000000,"byte 0, value 0x07, weight 3","byte 0, value 0x10, weight 1",hespn;spn_null,True,8,160000,21.846387500000006,-2980.710525026001,6.22417499999999,-15571.763359243945,3222,0.0201375,0.99999375,7337.9752324449355,1.0,9511.212592232278,0.0,0.0,0.0,0.0,0.0,True,0.0,False,,,,,,,,,,,,,,,,,,,,True,8,160000,63.99739375000009,-0.18428970484017537,15.93698750000002,-0.8216062698711881,0,0.0,0.00305,0.6432244342433017,0.00174375,-0.20773966056535959,0.9517658578658719,0.2718653677162054,0.7846158283258092,0.7998452106750811,0.9754221929616307,False,0.0,42.15100625000009,2980.526235321161,9.71281250000003,15570.941752974073,-0.0201375,-0.99694375,-0.99825625,0.0,,,,,,,,
calibration,4,value_b00_a0F_dF0,byte_values,'0F000000000000000000000000000000,'F0000000000000000000000000000000,"byte 0, value 0x0F, weight 4","byte 0, value 0xF0, weight 4",hespn;spn_null,True,8,160000,22.830668750000005,-2911.1113303790244,6.22128124999998,-15576.40242879232,3463,0.02164375,0.9999375,7337.561242261988,1.0,9511.212592232278,0.0,0.0,0.0,0.0,0.0,True,0.0,False,,,,,,,,,,,,,,,,,,,,True,8,160000,64.01186874999989,0.8392473609130968,15.937100000000012,-0.6412536740526121,0,0.0,0.00280625,-1.1507330251947119,0.00185,0.8046140414661723,0.8895291163541098,0.37508153534943145,0.8691423431601797,0.7556000834705145,0.9754221929616307,False,0.0,41.18119999999989,2911.9505777399377,9.715818750000032,15575.761175118269,-0.02164375,-0.99713125,-0.99815,0.0,,,,,,,,
calibration,6,bit_a019_d019_off+000,bit_positions,'00001000000000000000000000000000,'00001000000000000000000000000000,"single bit 19 (byte 2, bit-in-byte 3, MSB-first)","single bit 19 (byte 2, bit-in-byte 3, offset +0)",hespn;spn_null,True,8,160000,40.045868750000025,-1693.8128644307571,11.094493749999993,-7763.988878405639,4575,0.02859375,0.64514375,4726.341162776918,0.824325,7837.375071249789,0.0,0.0,0.0,0.0,0.0,True,0.0,False,,,,,,,,,,,,,,,,,,,,True,8,160000,64.00681249999992,0.48171649467797356,15.937793750000012,0.47092066691451306,0,0.0,0.0030875,0.9192178895414577,0.001675,-0.8627920559975273,0.20538227445834165,0.49135220045558314,0.24149509386493567,0.1746880474424051,0.8889764615758666,False,0.0,23.9609437499999,1694.2945809254352,4.843300000000019,7764.459799072554,-0.02859375,-0.64205625,-0.82265,0.0,,,,,,,,
calibration,6,bit_a044_d044_off+000,bit_positions,'00000000000800000000000000000000,'00000000000800000000000000000000,"single bit 44 (byte 5, bit-in-byte 4, MSB-first)","single bit 44 (byte 5, bit-in-byte 4, offset +0)",hespn;spn_null,True,8,160000,38.88866249999998,-1775.6397030914059,11.097731250000026,-7758.7987314810725,1512,0.00945,0.78739375,5773.276336541257,0.92616875,8807.745869755896,0.0,0.0,0.0,0.0,0.0,True,0.0,False,,,,,,,,,,,,,,,,,,,,True,8,160000,64.00027499999996,0.01944543647975857,15.93726874999999,-0.370724780337563,0,0.0,0.0026375,-2.3927035740364135,0.0016,-1.5773946691962557,0.39862559058186003,0.265938619289404,0.35600556215577017,0.23132145016897132,0.8889764615758666,False,0.0,25.11161249999998,1775.6591485278857,4.839537499999965,7758.428006700735,-0.00945,-0.78475625,-0.9245687499999999,0.0,,,,,,,,
calibration,6,bit_a068_d068_off+000,bit_positions,'00000000000000000800000000000000,'00000000000000000800000000000000,"single bit 68 (byte 8, bit-in-byte 4, MSB-first)","single bit 68 (byte 8, bit-in-byte 4, offset +0)",hespn;spn_null,True,8,160000,26.65406875000001,-2640.756123660159,7.757918750000004,-13112.966322315846,31051,0.19406875,0.82348125,6038.8740383565155,0.9152,8703.235237575582,0.0,0.0,0.0,0.0,0.0,True,0.0,False,,,,,,,,,,,,,,,,,,,,True,8,160000,64.01683750000011,1.1905910428304687,15.937881250000004,0.6111949081051568,0,0.0,0.00279375,-1.2427308436274305,0.00163125,-1.2796435803634523,0.9134255670805488,0.6389518317576541,0.9161337176604403,0.8434672311709667,0.8889764615758666,False,0.0,37.3627687500001,2641.9467147029895,8.179962499999998,13113.577517223952,-0.19406875,-0.8206875,-0.91356875,0.0,,,,,,,,
calibration,6,bit_a093_d093_off+000,bit_positions,'00000000000000000000000400000000,'00000000000000000000000400000000,"single bit 93 (byte 11, bit-in-byte 5, MSB-first)","single bit 93 (byte 11, bit-in-byte 5, offset +0)",hespn;spn_null,True,8,160000,36.95404374999989,-1912.4379068049766,10.52631874999998,-8674.84964406916,596,0.003725,0.85715,6286.670162305043,0.9786125,9307.431747035107,0.0,0.0,0.0,0.0,0.0,True,0.0,False,,,,,,,,,,,,,,,,,,,,True,8,160000,63.98911249999987,-0.7698625080260815,15.937581250000015,0.13025465256996926,0,0.0,0.00289375,-0.5067482961656814,0.00169375,-0.6841414026978452,0.48766358950708266,0.8726765250945991,0.5591650425898425,0.9211825484711446,0.8889764615758666,False,0.0,27.03506874999998,1911.6680442969505,5.411262500000035,8674.97989872173,-0.003725,-0.8542562499999999,-0.97691875,0.0,,,,,,,,
calibration,6,bit_a118_d118_off+000,bit_positions,'00000000000000000000000000000200,'00000000000000000000000000000200,"single bit 118 (byte 14, bit-in-byte 6, MSB-first)","single bit 118 (byte 14, bit-in-byte 6, offset +0)",hespn;spn_null,True,8,160000,25.81118124999994,-2700.3572703629015,7.21217499999999,-13987.866784288099,14862,0.0928875,0.9373625,6877.020163187799,1.0,9511.212592232278,0.0,0.0,0.0,0.0,0.0,True,0.0,False,,,,,,,,,,,,,,,,,,,,True,8,160000,64.00878749999991,0.621370083961426,15.937643750000012,0.23045053913837613,0,0.0,0.00305,0.6432244342433017,0.00183125,0.6259633881664902,0.20277573905214458,0.8909207815235101,0.25835322028447805,0.8358974206619325,0.8889764615758666,False,0.0,38.19760624999997,2700.9786404468628,8.725468750000022,13988.097234827237,-0.0928875,-0.9343125,-0.99816875,0.0,,,,,,,,
calibration,6,bytepos_ab15_db15_a07_d10_off+00,byte_positions,'00000000000000000000000000000007,'00000000000000000000000000000010,"byte 15, value 0x07","byte 15, value 0x10, byte offset +0",hespn;spn_null,True,8,160000,34.927993750000105,-2055.701276207262,9.668356249999995,-10050.2786574199,1848,0.01155,0.79884375,5857.546338225627,0.9107,8660.359080783657,0.0,0.0,0.0,0.0,0.0,True,0.0,False,,,,,,,,,,,,,,,,,,,,True,8,160000,64.0041187499999,0.29123960549442285,15.936962500000021,-0.8616846244991204,0,0.0,0.00313125,1.2412102540559729,0.00184375,0.7450638236996117,0.28639997039519705,0.5090407745903973,0.9572764572950743,0.9520651830367521,0.8889764615758666,False,0.0,29.0761249999998,2055.992515812756,6.268606250000026,10049.416972795401,-0.01155,-0.7957124999999999,-0.9088562499999999,0.0,,,,,,,,
calibration,6,value_b00_a07_d10,byte_values,'07000000000000000000000000000000,'10000000000000000000000000000000,"byte 0, value 0x07, weight 3","byte 0, value 0x10, weight 1",hespn;spn_null,True,8,160000,44.58479374999998,-1372.8623997510454,12.07380625000001,-6194.019531683499,1126,0.0070375,0.5512625,4035.391547437985,0.77055,7325.0049975863,0.0,0.0,0.0,0.0,0.0,True,0.0,False,,,,,,,,,,,,,,,,,,,,True,8,160000,64.00548125000014,0.387582904448105,15.936687500000017,-1.3025465254291575,0,0.0,0.0027125,-1.8407166634401018,0.0018,0.32821229933368673,0.4398386342897154,0.6139347015495222,0.6804039763109061,0.21744541747107338,0.8889764615758666,False,0.0,19.420687500000163,1373.2499826554936,3.862881250000008,6192.716985158069,-0.0070375,-0.54855,-0.7687499999999999,0.0,,,,,,,,
calibration,6,value_b00_a0F_dF0,byte_values,'0F000000000000000000000000000000,'F0000000000000000000000000000000,"byte 0, value 0x0F, weight 4","byte 0, value 0xF0, weight 4",hespn;spn_null,True,8,160000,44.992506249999984,-1344.0327723985931,12.071637500000016,-6197.496328947594,1098,0.0068625,0.5362,3924.5341762265593,0.76935625,7313.630905992887,0.0,0.0,0.0,0.0,0.0,True,0.0,False,,,,,,,,,,,,,,,,,,,,True,8,160000,64.01233749999996,0.8723929912859592,15.93654375000001,-1.532997064561838,0,0.0,0.00306875,0.7812211618923797,0.00171875,-0.4459405316316024,0.27606583015554015,0.31708054458828105,0.5212468439089559,0.36750971105058317,0.8889764615758666,False,0.0,19.019831249999974,1344.9051653898791,3.8649062499999935,6195.963331883032,-0.0068625,-0.5331312500000001,-0.7676375,0.0,,,,,,,,
calibration,8,bit_a019_d019_off+000,bit_positions,'00001000000000000000000000000000,'00001000000000000000000000000000,"single bit 19 (byte 2, bit-in-byte 3, MSB-first)","single bit 19 (byte 2, bit-in-byte 3, offset +0)",hespn;spn_null,True,8,159999,59.00048750304689,-353.51781417389543,15.029250182813621,-1456.0417804612441,282,0.0017625110156938482,0.10198813742585891,728.8083711354503,0.1649072806705042,1554.4152080474482,0.0,0.0,0.0,0.0,0.0,True,6.25e-06,False,,,,,,,,,,,,,,,,,,,,True,8,160000,63.97786875000007,-1.5649156951085277,15.936881249999988,-0.991939277097567,0,0.0,0.003,0.27523316051242713,0.001625,-1.339193798130013,0.0793415037764597,0.25341628555363027,0.25835322028447805,0.5452928615849209,0.9245657754140103,False,0.0,4.977381246953179,351.9528984787869,0.907631067186367,1455.0498411841465,-0.0017625110156938482,-0.09898813742585891,-0.1632822806705042,-6.25e-06,,,,,,,,
calibration,8,bit_a044_d044_off+000,bit_positions,'00000000000800000000000000000000,'00000000000800000000000000000000,"single bit 44 (byte 5, bit-in-byte 4, MSB-first)","single bit 44 (byte 5, bit-in-byte 4, offset +0)",hespn;spn_null,True,8,160000,37.93051249999994,-1843.3911393307976,10.261949999999997,-9098.668224686904,31571,0.19731875,0.55936875,4095.052132691603,0.63130625,5998.285695965094,0.0,0.0,0.0,0.0,0.0,True,0.0,False,,,,,,,,,,,,,,,,,,,,True,8,160000,63.98156249999992,-1.3037281278185453,15.937412500000029,-0.1402742411564708,0,0.0,0.00310625,1.0572146171905357,0.00166875,-0.9223422737640881,0.23998451085727196,0.7829871803588361,0.35416502716512227,0.4590091645261891,0.9874963832434306,False,0.0,26.051049999999975,1842.087411202979,5.675462500000032,9098.527950445749,-0.19731875,-0.5562625,-0.6296375,0.0,,,,,,,,
calibration,8,bit_a068_d068_off+000,bit_positions,'00000000000000000800000000000000,'00000000000000000800000000000000,"single bit 68 (byte 8, bit-in-byte 4, MSB-first)","single bit 68 (byte 8, bit-in-byte 4, offset +0)",hespn;spn_null,True,8,160000,58.19545625000013,-410.4432247318902,14.903124999999976,-1658.241922793514,543,0.00339375,0.11541875,827.6576132351677,0.20006875,1889.4397705079389,0.0,0.0,0.0,0.0,0.0,True,0.0,False,,,,,,,,,,,,,,,,,,,,True,8,160000,63.9955687499999,-0.3133366924205504,15.937437499999985,-0.10019588659688425,0,0.0,0.00255625,-2.9906893938490846,0.00165,-1.1009929270637702,0.030889040642551685,0.6917204712658347,0.8153281038842334,0.629440774757215,0.30952341268947414,False,0.0,5.80011249999977,410.1298880394697,1.0343125000000093,1658.1417269069173,-0.00339375,-0.1128625,-0.19841874999999998,0.0,,,,,,,,
calibration,8,bit_a093_d093_off+000,bit_positions,'00000000000000000000000400000000,'00000000000000000000000400000000,"single bit 93 (byte 11, bit-in-byte 5, MSB-first)","single bit 93 (byte 11, bit-in-byte 5, offset +0)",hespn;spn_null,True,8,160000,56.594831250000055,-523.624503895567,14.631987499999989,-2092.9117179271893,45,0.00028125,0.19809375,1436.1311843491687,0.32170625,3048.4061086807433,0.0,0.0,0.0,0.0,0.0,True,0.0,False,,,,,,,,,,,,,,,,,,,,True,8,160000,63.99974999999999,-0.017677669530250524,15.936981250000006,-0.831625858551665,0,0.0,0.0028875,-0.5527472053820407,0.00171875,-0.4459405316316024,0.9378760530278311,0.7349482421836873,0.28200086255059104,0.9066721813245274,0.9874963832434306,False,0.0,7.404918749999936,523.6068262260368,1.3049937500000173,2092.0800920686374,-0.00028125,-0.19520625000000003,-0.31998750000000004,0.0,,,,,,,,
calibration,8,bit_a118_d118_off+000,bit_positions,'00000000000000000000000000000200,'00000000000000000000000000000200,"single bit 118 (byte 14, bit-in-byte 6, MSB-first)","single bit 118 (byte 14, bit-in-byte 6, offset +0)",hespn;spn_null,True,8,160000,55.32026249999998,-613.7501245169187,14.386262500000033,-2486.8418655799783,309,0.00193125,0.172275,1246.1096903763885,0.34538125,3273.982333580475,0.0,0.0,0.0,0.0,0.0,True,0.0,False,,,,,,,,,,,,,,,,,,,,True,8,160000,63.99928749999999,-0.050381358160460354,15.937743750000031,0.3907639576871259,0,0.0,0.00288125,-0.5987461145984,0.00176875,0.030461210500883226,0.3903477572918552,0.5479536375520655,0.5345127081570634,0.8561079118913723,0.9874963832434306,False,0.0,8.67902500000001,613.6997431587582,1.5514812499999984,2487.2326295376656,-0.00193125,-0.16939375,-0.3436125,0.0,,,,,,,,
calibration,8,bytepos_ab15_db15_a07_d10_off+00,byte_positions,'00000000000000000000000000000007,'00000000000000000000000000000010,"byte 15, value 0x07","byte 15, value 0x10, byte offset +0",hespn;spn_null,True,8,160000,57.12310000000002,-486.2702623541753,14.714243750000017,-1961.0439116075968,329,0.00205625,0.13315625,958.2025175911954,0.2650125,2508.226083320271,0.0,0.0,0.0,0.0,0.0,True,0.0,False,,,,,,,,,,,,,,,,,,,,True,8,160000,63.98822499999989,-0.8326182348547025,15.9379375,0.7013712060158686,0,0.0,0.0030375,0.5512266158105831,0.0017625,-0.029089007265677477,0.43601225015865946,0.8732303908324568,0.290475176473795,0.6740537930573284,0.9874963832434306,False,0.0,6.865124999999871,485.4376441193206,1.223693749999983,1961.7452828136127,-0.00205625,-0.13011875,-0.26325,0.0,,,,,,,,
calibration,8,value_b00_a07_d10,byte_values,'07000000000000000000000000000000,'10000000000000000000000000000000,"byte 0, value 0x07, weight 3","byte 0, value 0x10, weight 1",hespn;spn_null,True,8,160000,61.18600624999994,-198.97940628416038,15.48005,-733.3537330096676,23,0.00014375,0.05491875,382.3881720208093,0.10975,1028.8795735633703,0.0,0.0,0.0,0.0,0.0,True,0.0,False,,,,,,,,,,,,,,,,,,,,True,8,160000,64.00225625000013,0.15954096751440483,15.938506250000017,1.6131537738632666,0,0.0,0.00276875,-1.4267264804928679,0.0017875,0.20911186380056535,0.6396361496940126,0.2697592030450194,0.8004483955413663,0.02464048616228314,0.658966200374436,False,0.0,2.8162500000001884,199.13894725167478,0.4584562500000171,734.9668867835309,-0.00014375,-0.05215,-0.1079625,0.0,,,,,,,,
calibration,8,value_b00_a0F_dF0,byte_values,'0F000000000000000000000000000000,'F0000000000000000000000000000000,"byte 0, value 0x0F, weight 4","byte 0, value 0xF0, weight 4",hespn;spn_null,True,8,160000,61.22445624999986,-196.2605807105038,15.486712499999985,-722.6728515009436,22,0.0001375,0.053875,374.7063541816773,0.10935625,1025.1279098440768,0.0,0.0,0.0,0.0,0.0,True,0.0,False,,,,,,,,,,,,,,,,,,,,True,8,160000,64.00378124999996,0.2673747516333577,15.937550000000009,0.08015670927295102,0,0.0,0.00296875,0.045238614430630514,0.00181875,0.5068629526333689,0.7914291388202159,0.9521665389811605,0.7763950722486723,0.40131643071598544,0.9874963832434306,False,0.0,2.7793250000000995,196.52795546213716,0.45083750000002354,722.7530082102165,-0.0001375,-0.05090625,-0.10753750000000001,0.0,,,,,,,,
calibration,10,bit_a019_d019_off+000,bit_positions,'00001000000000000000000000000000,'00001000000000000000000000000000,"single bit 19 (byte 2, bit-in-byte 3, MSB-first)","single bit 19 (byte 2, bit-in-byte 3, offset +0)",hespn;spn_null,True,8,160000,63.52178749999986,-33.814730159827086,15.858681249999986,-126.3570325580198,12,7.5e-05,0.008875,43.514207823890196,0.01431875,119.60729848575478,0.0,0.0,1.0360624672875139e-13,0.0,0.0,True,0.0,False,,,,,,,,,,,,,,,,,,,,True,8,160000,63.986193750000034,-0.976249299773292,15.936718750000006,-1.2524485821606166,0,0.0,0.00276875,-1.4267264804928679,0.0018875,1.1619153480655366,0.8477772965042315,0.5205328815359416,0.36709686559901494,0.37643845056258324,0.8170965104798179,False,0.0,0.46440625000017377,32.83848086005379,0.07803750000002019,125.10458397585919,-7.5e-05,-0.006106249999999999,-0.01243125,0.0,,,,,,,,
calibration,10,bit_a044_d044_off+000,bit_positions,'00000000000800000000000000000000,'00000000000800000000000000000000,"single bit 44 (byte 5, bit-in-byte 4, MSB-first)","single bit 44 (byte 5, bit-in-byte 4, offset +0)",hespn;spn_null,True,8,160000,62.94536874999998,-74.57369085262602,15.776093749999994,-258.75587707639335,5,3.125e-05,0.01696875,103.08279525907551,0.033,297.6028993900047,0.0,0.0,2.6846406100709115e-89,0.0,0.0,True,0.0,False,,,,,,,,,,,,,,,,,,,,True,8,160000,64.00166250000017,0.11755650238395365,15.93772500000002,0.3607051916969544,0,0.0,0.00303125,0.5052277065942238,0.00184375,0.7450638236996117,0.15998266081783113,0.8039585432144617,0.5295548169795801,0.7075499873180568,0.8170965104798179,False,0.0,1.0562937500001865,74.69124735500996,0.16163125000002587,259.1165822680903,-3.125e-05,-0.013937500000000002,-0.031156250000000003,0.0,,,,,,,,
calibration,10,bit_a068_d068_off+000,bit_positions,'00000000000000000800000000000000,'00000000000000000800000000000000,"single bit 68 (byte 8, bit-in-byte 4, MSB-first)","single bit 68 (byte 8, bit-in-byte 4, offset +0)",hespn;spn_null,True,8,160000,63.086368749999885,-64.60348523790235,15.780737499999994,-251.3113227039737,43,0.00026875,0.014575,85.46521302920989,0.0251375,222.68872543967137,0.0,0.0,5.64280284502012e-166,0.0,0.0,True,0.0,False,,,,,,,,,,,,,,,,,,,,True,8,160000,64.01143749999984,0.8087533809710281,15.936956249999989,-0.8717042132080747,0,0.0,0.00273125,-1.7027199357910239,0.00190625,1.3405660013652188,0.21689058432163497,0.475870473625131,0.34224210688669443,0.5238251492054358,0.8170965104798179,False,0.0,0.9250687499999586,65.41223861887337,0.1562187499999954,250.43961849076564,-0.00026875,-0.01184375,-0.023231250000000002,0.0,,,,,,,,
calibration,10,bit_a093_d093_off+000,bit_positions,'00000000000000000000000400000000,'00000000000000000000000400000000,"single bit 93 (byte 11, bit-in-byte 5, MSB-first)","single bit 93 (byte 11, bit-in-byte 5, offset +0)",hespn;spn_null,True,8,160000,62.59174375000012,-99.57875440232532,15.725756250000009,-339.45364412276643,0,0.0,0.02078125,131.1421298810547,0.05119375,470.9535833084629,0.0,0.0,0.0,0.0,0.0,True,0.0,False,,,,,,,,,,,,,,,,,,,,True,8,160000,63.988243750000024,-0.8312924096307645,15.937168749999994,-0.5310381988492922,0,0.0,0.00310625,1.0572146171905357,0.00165,-1.1009929270637702,0.6155350324657933,0.49925467462156237,0.10359723793250974,0.880582055417072,0.8170965104798179,False,0.0,1.3964999999999037,98.74746199269455,0.21141249999998557,338.92260592391716,0.0,-0.017675,-0.049543750000000004,0.0,,,,,,,,
calibration,10,bit_a118_d118_off+000,bit_positions,'00000000000000000000000000000200,'00000000000000000000000000000200,"single bit 118 (byte 14, bit-in-byte 6, MSB-first)","single bit 118 (byte 14, bit-in-byte 6, offset +0)",hespn;spn_null,True,8,160000,62.90540000000007,-77.39990826867445,15.759668750000007,-285.08735606792163,20,0.000125,0.01620625,97.47092833467968,0.03229375,290.87372478238336,0.0,0.0,1.3626358146659963e-119,0.0,0.0,True,0.0,False,,,,,,,,,,,,,,,,,,,,True,8,160000,63.98570000000008,-1.0111626970911405,15.938237500000017,1.18231146159662,0,0.0,0.0031125,1.103213526406895,0.00159375,-1.6369448869628165,0.2048090092457573,0.36569230612655435,0.3616298422372808,0.876079470913139,0.6306093345107037,False,0.0,1.0803000000000083,76.38874557158331,0.17856875000001082,286.26966752951824,-0.000125,-0.013093749999999998,-0.0307,0.0,,,,,,,,
calibration,10,bytepos_ab15_db15_a07_d10_off+00,byte_positions,'00000000000000000000000000000007,'00000000000000000000000000000010,"byte 15, value 0x07","byte 15, value 0x10, byte offset +0",hespn;spn_null,True,8,160000,63.65983749999997,-24.053121045538777,15.888949999999976,-77.83216469042894,1,6.25e-06,0.00564375,19.73277175903242,0.00908125,69.7042159973769,0.0,0.0,1.7728099089007763e-12,0.0,0.0,True,0.0,False,,,,,,,,,,,,,,,,,,,,True,8,160000,64.0002812499999,0.01988737821386979,15.937793749999985,0.470920666871797,0,0.0,0.00285625,-0.7827417514638373,0.0017875,0.20911186380056535,0.9135728384598916,0.49758767649673086,0.6798435483131837,0.1746880474424051,0.8170965104798179,False,0.0,0.34044374999992755,24.073008423752647,0.04884375000000851,78.30308535730073,-6.25e-06,-0.0027875000000000005,-0.007293750000000001,0.0,,,,,,,,
calibration,10,value_b00_a07_d10,byte_values,'07000000000000000000000000000000,'10000000000000000000000000000000,"byte 0, value 0x07, weight 3","byte 0, value 0x10, weight 1",hespn;spn_null,True,8,160000,63.69106250000002,-21.845180121280322,15.89171875,-73.39348691517826,0,0.0,0.00580625,20.928743398657762,0.009825,76.79069191159763,1.6400529243674878e-238,0.0,1.3094890144352326e-26,0.0,0.0,True,0.0,False,,,,,,,,,,,,,,,,,,,,True,8,160000,64.01136249999999,0.803450080122504,15.937356250000002,-0.2304505391155942,0,0.0,0.0028375,-0.9207384791129153,0.0017625,-0.029089007265677477,0.8645060319611002,0.641196862415661,0.029559812555189233,0.5512645665758747,0.6306093345107037,False,0.0,0.3202999999999676,22.648630201402824,0.04563750000000155,73.16303637606266,0.0,-0.0029687499999999996,-0.0080625,0.0,,,,,,,,
calibration,10,value_b00_a0F_dF0,byte_values,'0F000000000000000000000000000000,'F0000000000000000000000000000000,"byte 0, value 0x0F, weight 4","byte 0, value 0xF0, weight 4",hespn;spn_null,True,8,160000,63.671943750000096,-23.197079898556115,15.890125,-75.94848202280791,0,0.0,0.005475,18.490801210190718,0.00969375,75.54013733849986,0.0,0.0,1.1997275425112287e-21,0.0,0.0,True,0.0,False,,,,,,,,,,,,,,,,,,,,True,8,160000,64.00496874999995,0.35134368189827947,15.937200000000011,-0.4809402555351875,0,0.0,0.0032375,2.0231917107340815,0.00194375,1.697867307964583,0.027963812867497818,0.4052128383281438,0.8041137901856164,0.3961801487135007,0.6306093345107037,False,0.0,0.33302499999985,23.548423580454394,0.04707500000001197,75.46754176727272,0.0,-0.0022375,-0.007749999999999999,0.0,,,,,,,,
calibration,12,bit_a019_d019_off+000,bit_positions,'00001000000000000000000000000000,'00001000000000000000000000000000,"single bit 19 (byte 2, bit-in-byte 3, MSB-first)","single bit 19 (byte 2, bit-in-byte 3, offset +0)",hespn;spn_null,True,8,160000,63.935268750000034,-4.577190582965746,15.931818749999977,-9.107806089579922,0,0.0,0.00345625,3.6331535333066576,0.0023125,5.211330156191664,1.5845719138533273e-10,3.797660809399832e-82,0.34224210688669443,1.2956601947790572e-05,3.472147025736989e-81,True,0.0,False,,,,,,,,,,,,,,,,,,,,True,8,160000,64.00588125,0.4158671756854524,15.938012500000031,0.8216062699537725,0,0.0,0.00296875,0.045238614430630514,0.00179375,0.26866208156712607,0.370243300137379,0.7683043628021624,0.0886441444211967,0.6426266219872342,0.5673225242956589,False,0.0,0.07061249999996733,4.993057758651198,0.006193750000054621,9.929412359533694,0.0,-0.0004875000000000001,-0.0005187499999999999,0.0,,,,,,,,
calibration,12,bit_a044_d044_off+000,bit_positions,'00000000000800000000000000000000,'00000000000800000000000000000000,"single bit 44 (byte 5, bit-in-byte 4, MSB-first)","single bit 44 (byte 5, bit-in-byte 4, offset +0)",hespn;spn_null,True,8,160000,63.89909999999993,-7.13470742217699,15.921956249999992,-24.91871699087303,0,0.0,0.00380625,6.20909244942278,0.003825,19.622482855699353,2.0539253012393778e-54,0.0,0.06451871710784028,2.547363965735321e-57,0.0,True,0.0,False,,,,,,,,,,,,,,,,,,,,True,8,160000,63.98728750000004,-0.8989094955803301,15.937587500000008,0.14027424121627333,0,0.0,0.0031125,1.103213526406895,0.0017625,-0.029089007265677477,0.3628691583875355,0.9990848786237322,0.30935373417569506,0.39640352543033086,0.7609878963094101,False,0.0,0.08818750000011022,6.23579792659666,0.015631250000016195,25.0589912320893,0.0,-0.0006937500000000004,-0.0020625,0.0,,,,,,,,
calibration,12,bit_a068_d068_off+000,bit_positions,'00000000000000000800000000000000,'00000000000000000800000000000000,"single bit 68 (byte 8, bit-in-byte 4, MSB-first)","single bit 68 (byte 8, bit-in-byte 4, offset +0)",hespn;spn_null,True,8,160000,63.95315625000002,-3.3123533281192783,15.928850000000002,-13.867110701785709,0,0.0,0.00356875,4.461133899201125,0.00284375,10.273098666349323,3.693191222961245e-35,1.2612291380332743e-234,0.44444265263442345,9.394414173307972e-12,2.6906221611376516e-233,True,0.0,False,,,,,,,,,,,,,,,,,,,,True,8,160000,63.985956250000015,-0.9930430858277837,15.93791250000002,0.6612928514192614,0,0.0,0.0032,1.7471982554359256,0.00181875,0.5068629526333689,0.8276820277530695,0.792092770693448,0.36001017315182127,0.6491683129405691,0.3886294020198869,False,0.0,0.03279999999999461,2.3193102422914946,0.009062500000018403,14.52840355320497,0.0,-0.0003687499999999997,-0.0010249999999999999,0.0,,,,,,,,
calibration,12,bit_a093_d093_off+000,bit_positions,'00000000000000000000000400000000,'00000000000000000000000400000000,"single bit 93 (byte 11, bit-in-byte 5, MSB-first)","single bit 93 (byte 11, bit-in-byte 5, offset +0)",hespn;spn_null,True,8,160000,63.894018750000015,-7.494006055361621,15.92041249999998,-27.393555389261046,0,0.0,0.00388125,6.7610793600190915,0.00458125,26.8280592054532,4.6837801726009127e-42,0.0,0.00019556750086891064,6.266076415008296e-211,0.0,True,0.0,False,,,,,,,,,,,,,,,,,,,,True,8,160000,64.03547499999979,2.508461306244576,15.939281250000006,2.855582767357645,0,0.0,0.00275,-1.5647232081419458,0.0016,-1.5773946691962557,0.6099057618532369,0.033522063845745916,0.02110380109260825,0.1555960672522825,0.3886294020198869,False,0.0,0.14145624999977713,10.002467361606197,0.01886875000002597,30.24913815661869,0.0,-0.0011312500000000003,-0.0029812500000000004,0.0,,,,,,,,
calibration,12,bit_a118_d118_off+000,bit_positions,'00000000000000000000000000000200,'00000000000000000000000000000200,"single bit 118 (byte 14, bit-in-byte 6, MSB-first)","single bit 118 (byte 14, bit-in-byte 6, offset +0)",hespn;spn_null,True,8,160000,63.900962500000084,-7.003008784170343,15.923493749999993,-22.453898181159794,0,0.0,0.00371875,5.565107720393749,0.00384375,19.801133508999037,8.06494738778647e-14,2.0597735801472668e-216,0.0016161191968743892,8.907349740393683e-130,3.295637728235627e-215,True,0.0,False,,,,,,,,,,,,,,,,,,,,True,8,160000,63.976581250000024,-1.6559556931895691,15.936674999999994,-1.3225857027815682,0,0.0,0.00321875,1.8851949830850034,0.0017,-0.6245911849312845,0.4813546365906196,0.3894993760409998,0.39021901133495124,0.04822937909539189,0.3886294020198869,False,0.0,0.0756187499999399,5.347053090980774,0.013181250000000588,21.131312478378227,0.0,-0.0005,-0.00214375,0.0,,,,,,,,
calibration,12,bytepos_ab15_db15_a07_d10_off+00,byte_positions,'00000000000000000000000000000007,'00000000000000000000000000000010,"byte 15, value 0x07","byte 15, value 0x10, byte offset +0",hespn;spn_null,True,8,160000,63.978112499999966,-1.5476799673244466,15.933687499999989,-6.111949081008851,0,0.0,0.00315,1.379206981705051,0.00215625,3.722574712027647,0.4705383775798947,5.454224272121722e-10,0.1934396972837632,6.700080894707873e-08,2.181689708848689e-09,True,0.0,False,,,,,,,,,,,,,,,,,,,,True,8,160000,63.988962500000234,-0.7804691097181055,15.937581250000008,0.13025465255857832,0,0.0,0.00285625,-0.7827417514638373,0.001825,0.5664131703999296,0.11381341098866421,0.9119636789054147,0.7754296772635683,0.49854575581427313,0.6485818930402077,False,0.0,0.010850000000267812,0.7672108576063411,0.003893750000019125,6.24220373356743,0.0,-0.0002937500000000002,-0.00033125000000000016,0.0,,,,,,,,
calibration,12,value_b00_a07_d10,byte_values,'07000000000000000000000000000000,'10000000000000000000000000000000,"byte 0, value 0x07, weight 3","byte 0, value 0x10, weight 1",hespn;spn_null,True,8,160000,63.957993750000114,-2.970290422713704,15.933893749999983,-5.7813026553248505,0,0.0,0.0030375,0.5512266158105831,0.00206875,2.888871663295797,0.4129763573127875,7.396403556805276e-09,0.6390543347236646,4.122919898690553e-08,2.784528397856104e-08,True,0.0,False,,,,,,,,,,,,,,,,,,,,True,8,160000,63.99437500000008,-0.3977475644115445,15.938468750000014,1.5530362419142487,0,0.0,0.00303125,0.5052277065942238,0.0018,0.32821229933368673,0.7093580920262224,0.08539637310851243,0.6052900417745132,0.7011373994773963,0.5673225242956589,False,0.0,0.03638124999996961,2.5725428583021595,0.004575000000031082,7.3343388972391,0.0,-6.249999999999745e-06,-0.0002687499999999999,0.0,,,,,,,,
calibration,12,value_b00_a0F_dF0,byte_values,'0F000000000000000000000000000000,'F0000000000000000000000000000000,"byte 0, value 0x0F, weight 4","byte 0, value 0xF0, weight 4",hespn;spn_null,True,8,160000,63.95958750000008,-2.8575952794642605,15.933356249999983,-6.6429872798581435,0,0.0,0.0030625,0.7352222526760204,0.00219375,4.079876018627011,0.24887909476050496,3.8997439102081723e-23,0.00023283736890750977,0.00018712430782552645,2.079863418777692e-22,True,0.0,False,,,,,,,,,,,,,,,,,,,,True,8,160000,63.99549999999991,-0.31819805154049,15.938006250000011,0.8115866812647524,0,0.0,0.00281875,-1.0587352067619933,0.00170625,-0.5650409671647239,0.2505670767789376,0.8182871056002384,0.8173003635662072,0.6134952245427218,0.8440154165185266,False,0.0,0.03591249999982438,2.5393972279237707,0.004650000000028243,7.454573961122896,0.0,-0.00024375000000000004,-0.00048749999999999987,0.0,,,,,,,,
calibration,14,bit_a019_d019_off+000,bit_positions,'00001000000000000000000000000000,'00001000000000000000000000000000,"single bit 19 (byte 2, bit-in-byte 3, MSB-first)","single bit 19 (byte 2, bit-in-byte 3, offset +0)",hespn;spn_null,True,8,160000,64.01247499999997,0.8821157095278481,15.936631250000017,-1.3927228233455649,0,0.0,0.00290625,-0.4147504777329627,0.0017875,0.20911186380056535,0.8318722881013481,0.1976770650257795,0.14047147126170453,0.7395285637022802,0.6606059375590466,False,0.0,False,,,,,,,,,,,,,,,,,,,,True,8,160000,63.984531250000174,-1.0938058021356412,15.93573124999999,-2.8355435900507984,0,0.0,0.002975,0.09123752364698984,0.00199375,2.1742690500970685,0.6409043874776066,0.009462545172313491,0.5911560886132372,0.16941655166494268,0.25096111984018804,False,0.0,-0.027943749999792544,-1.9759215116634894,-0.0009000000000281005,-1.4428207667052335,0.0,6.875000000000023e-05,0.00020624999999999984,0.0,,,,,,,,
calibration,14,bit_a044_d044_off+000,bit_positions,'00000000000800000000000000000000,'00000000000800000000000000000000,"single bit 44 (byte 5, bit-in-byte 4, MSB-first)","single bit 44 (byte 5, bit-in-byte 4, offset +0)",hespn;spn_null,True,8,160000,64.01069374999996,0.7561623141284558,15.93747500000002,-0.04007835459660717,0,0.0,0.00293125,-0.23075484086752543,0.0018625,0.9237144769992938,0.8611275887861908,0.16385535260980783,0.4589250169597756,0.47406455595221586,0.6606059375590466,False,0.0,False,,,,,,,,,,,,,,,,,,,,True,8,160000,63.98095000000005,-1.3470384181568569,15.936431250000032,-1.7133496603576321,0,0.0,0.00288125,-0.5987461145984,0.001575,-1.8155955402624986,0.4688985882968144,0.01960633748751469,0.27326610328680745,0.16474172389438768,0.25096111984018804,False,0.0,-0.02974374999990914,-2.1032007322853126,-0.0010437499999884636,-1.673271305761025,0.0,-4.99999999999997e-05,-0.0002875,0.0,,,,,,,,
calibration,14,bit_a068_d068_off+000,bit_positions,'00000000000000000800000000000000,'00000000000000000800000000000000,"single bit 68 (byte 8, bit-in-byte 4, MSB-first)","single bit 68 (byte 8, bit-in-byte 4, offset +0)",hespn;spn_null,True,8,160000,64.00894375,0.6324186274237361,15.936156249999991,-2.1542115613474717,0,0.0,0.00279375,-1.2427308436274305,0.001925,1.5192166546649009,0.7502658816514975,0.11310182583881302,0.27326610328680745,0.022977999355480054,0.42197363345025235,False,0.0,False,,,,,,,,,,,,,,,,,,,,True,8,160000,63.97510624999988,-1.7602539434245787,15.937118750000014,-0.6111949080766794,0,0.0,0.0030375,0.5512266158105831,0.0016875,-0.743691620464406,0.1733972374820596,0.09336174920197365,0.6390543347236646,0.9589382007406112,0.5975151948926314,False,0.0,-0.03383750000011787,-2.392672570848315,0.0009625000000230699,1.5430166532707923,0.0,0.00024375000000000004,-0.00023750000000000008,0.0,,,,,,,,
calibration,14,bit_a093_d093_off+000,bit_positions,'00000000000000000000000400000000,'00000000000000000000000400000000,"single bit 93 (byte 11, bit-in-byte 5, MSB-first)","single bit 93 (byte 11, bit-in-byte 5, offset +0)",hespn;spn_null,True,8,160000,63.99903749999973,-0.06805902770829592,15.935843749999995,-2.6551909942094403,0,0.0,0.00301875,0.4132298881615051,0.00195625,1.8169677434977043,0.9152704515803175,0.011978525236966952,0.6346767621137682,0.026373352090640772,0.38638658696852307,False,0.0,False,,,,,,,,,,,,,,,,,,,,True,8,160000,63.99361874999995,-0.45122251474796315,15.938025000000046,0.8416454472919445,0,0.0,0.003,0.27523316051242713,0.00178125,0.14956164603400462,0.5881960528437411,0.413498617341446,0.7093235657187155,0.9201939765617319,0.7811804355709938,False,0.0,-0.005418749999776651,-0.38316348703966724,0.0021812500000510937,3.496836441501385,0.0,-1.8750000000000103e-05,-0.00017500000000000003,0.0,,,,,,,,
calibration,14,bit_a118_d118_off+000,bit_positions,'00000000000000000000000000000200,'00000000000000000000000000000200,"single bit 118 (byte 14, bit-in-byte 6, MSB-first)","single bit 118 (byte 14, bit-in-byte 6, offset +0)",hespn;spn_null,True,8,160000,64.02140625000028,1.5136504534974298,15.937356250000011,-0.23045053910135552,0,0.0,0.00313125,1.2412102540559729,0.0019375,1.6383170901980222,0.5702514708903651,0.36666679996119844,0.8027564753085608,0.3434684157969533,0.4511973957161216,False,0.0,False,,,,,,,,,,,,,,,,,,,,True,8,160000,64.00037500000013,0.026516504303917093,15.937787499999985,0.460901078214102,0,0.0,0.003,0.27523316051242713,0.00185,0.8046140414661723,0.789511812767402,0.27413531543138464,0.4146448040090472,0.1847889085642256,0.6956758910653199,False,0.0,-0.02103125000014927,-1.4871339491935127,0.0004312499999734598,0.6913516173154575,0.0,-0.00013124999999999986,-8.74999999999999e-05,0.0,,,,,,,,
calibration,14,bytepos_ab15_db15_a07_d10_off+00,byte_positions,'00000000000000000000000000000007,'00000000000000000000000000000010,"byte 15, value 0x07","byte 15, value 0x10, byte offset +0",hespn;spn_null,True,8,160000,64.00827499999991,0.5851308614256685,15.93746875000003,-0.05009794324006348,0,0.0,0.0029375,-0.1847559316511661,0.0017875,0.20911186380056535,0.9954333701201242,0.9540233651036117,0.776835481913123,0.9201939765617319,0.9941849135724058,False,0.0,False,,,,,,,,,,,,,,,,,,,,True,8,160000,64.0191874999999,1.3567611363947263,15.93673124999999,-1.2324094048708563,0,0.0,0.00301875,0.4132298881615051,0.00164375,-1.160543144830331,0.9266304563854068,0.2100667570816105,0.10538552427162821,0.968026463428358,0.5015711907116744,False,0.0,0.010912499999989222,0.7716302749690578,-0.0007375000000386933,-1.1823114616307928,0.0,8.125000000000016e-05,-0.00014375,0.0,,,,,,,,
calibration,14,value_b00_a07_d10,byte_values,'07000000000000000000000000000000,'10000000000000000000000000000000,"byte 0, value 0x07, weight 3","byte 0, value 0x10, weight 1",hespn;spn_null,True,8,160000,63.99652500000018,-0.24571960644938026,15.937162500000008,-0.5410577874842053,0,0.0,0.00296875,0.045238614430630514,0.001825,0.5664131703999296,0.14450754884104144,0.599608474865565,0.5266845710764502,0.7343229660828754,0.6606059375590466,False,0.0,False,,,,,,,,,,,,,,,,,,,,True,8,160000,63.99485000000011,-0.3641599923030636,15.937818749999995,0.5109990215168158,0,0.0,0.0030125,0.3672309789451458,0.00178125,0.14956164603400462,0.353976494818831,0.73049083934776,0.4538666986605541,0.49104268187435474,0.8745291949828337,False,0.0,-0.001675000000069815,-0.11844038585368336,0.0006562499999862581,1.0520568090010212,0.0,4.374999999999995e-05,-4.374999999999995e-05,0.0,,,,,,,,
calibration,14,value_b00_a0F_dF0,byte_values,'0F000000000000000000000000000000,'F0000000000000000000000000000000,"byte 0, value 0x0F, weight 4","byte 0, value 0xF0, weight 4",hespn;spn_null,True,8,160000,63.998237500000094,-0.12462757017746397,15.936443750000006,-1.6933104830849584,0,0.0,0.003025,0.45922879737786443,0.0017625,-0.029089007265677477,0.9423497156170555,0.3522216754141719,0.49036167550382165,0.7556000834705145,0.6606059375590466,False,0.0,False,,,,,,,,,,,,,,,,,,,,True,8,160000,64.00010624999997,0.0075130095482211475,15.937800000000012,0.4809402555722081,0,0.0,0.00323125,1.977192801517722,0.00173125,-0.32684009609848097,0.01437357185956542,0.783993328554965,0.3164669769419847,0.745393094841952,0.25096111984018804,False,0.0,0.0018687499998790713,0.1321405797256851,0.001356250000005943,2.1742507386571663,0.0,0.00020625000000000027,-3.125000000000003e-05,0.0,,,,,,,,
calibration,16,bit_a019_d019_off+000,bit_positions,'00001000000000000000000000000000,'00001000000000000000000000000000,"single bit 19 (byte 2, bit-in-byte 3, MSB-first)","single bit 19 (byte 2, bit-in-byte 3, offset +0)",hespn;feistel_null;spn_null,True,8,160000,64.01181249999986,0.8352698852669064,15.937943750000011,0.71139079469065,0,0.0,0.00283125,-0.9667373883292746,0.0016875,-0.743691620464406,0.6061109029455626,0.8127831824160902,0.07108826267623945,0.35700280914763727,0.6735956787251042,False,0.0,True,8,160000,64.00506875000005,0.3584147497174137,15.936825000000002,-1.0821155749911924,0,0.0,0.00314375,1.3332080724886917,0.00194375,1.697867307964583,0.1277916513856754,0.35153133434735884,0.972968640268904,0.2977938135770917,0.46381935743567343,False,0.0,True,8,160000,63.99236875000007,-0.5396108623881624,15.937487500000012,-0.020039177295455846,0,0.0,0.0027375,-1.6567210265746644,0.0018375,0.685513605933051,0.8070593560366963,0.8320552753511876,0.8265809765429393,0.6320860746029545,0.6808086654211395,False,0.0,-0.01944374999979459,-1.3748807476550686,-0.0004562499999991587,-0.7314299719861059,0.0,-9.375000000000008e-05,0.00014999999999999996,0.0,-0.006743749999813531,-0.47685513554949266,-0.001118750000008717,-1.7935063696818423,0.0,0.00031249999999999984,0.00025624999999999997,0.0
calibration,16,bit_a044_d044_off+000,bit_positions,'00000000000800000000000000000000,'00000000000800000000000000000000,"single bit 44 (byte 5, bit-in-byte 4, MSB-first)","single bit 44 (byte 5, bit-in-byte 4, offset +0)",hespn;feistel_null;spn_null,True,8,160000,64.03046249999993,2.154024032184406,15.937174999999986,-0.5210186102058358,0,0.0,0.00290625,-0.4147504777329627,0.0018125,0.44731273486680817,0.5751189963094139,0.2592406442061319,0.06037377346623392,0.7334650334475341,0.6735956787251042,False,0.0,True,8,160000,64.01493749999993,1.0562407543925258,15.93815625,1.052056809023803,0,0.0,0.002925,-0.27675375008388475,0.001675,-0.8627920559975273,0.46637607124151254,0.6427171923562209,0.06468810271983531,1.0,0.46381935743567343,False,0.0,True,8,160000,63.97692500000002,-1.631648897586354,15.938250000000009,1.2023506388977712,0,0.0,0.0028625,-0.736742842247478,0.00165,-1.1009929270637702,0.06685178458897678,0.5488688897765295,0.3371458606076389,0.22897894386463555,0.6620465264441056,False,0.0,-0.05353749999990498,-3.78567292977076,0.0010750000000232518,1.723369249103607,0.0,-4.374999999999995e-05,-0.0001625000000000001,0.0,-0.01552499999999668,-1.0977832777918801,0.0009812500000148106,1.5730754192296388,0.0,1.8750000000000103e-05,-0.00013750000000000004,0.0
calibration,16,bit_a068_d068_off+000,bit_positions,'00000000000000000800000000000000,'00000000000000000800000000000000,"single bit 68 (byte 8, bit-in-byte 4, MSB-first)","single bit 68 (byte 8, bit-in-byte 4, offset +0)",hespn;feistel_null;spn_null,True,8,160000,64.0304375000001,2.152256265243942,15.935875000000022,-2.6050930508782493,0,0.0,0.00284375,-0.874739569896556,0.0017625,-0.029089007265677477,0.3134710495621584,0.046009261128020944,0.5316084276120155,0.09077399475215134,0.0922592157382367,False,0.0,True,8,160000,64.02102499999992,1.4866920074393044,15.937218749999985,-0.45088148960481855,0,0.0,0.00270625,-1.886715572656461,0.0018,0.32821229933368673,0.38060279659134355,0.906635616432913,0.2864624594575819,0.20697452178573317,0.46381935743567343,False,0.0,True,8,160000,64.00410625000002,0.2903557220262004,15.9369,-0.9618805111073956,0,0.0,0.00278125,-1.3347286620601493,0.00199375,2.1742690500970685,0.44856187344219295,0.05294346886687023,0.20501921530045314,0.16474172389438768,0.6620465264441056,False,0.0,-0.026331250000083628,-1.8619005432177413,0.001024999999977183,1.6432125397708537,0.0,-6.250000000000006e-05,0.0002312499999999999,0.0,-0.009412500000181012,-0.6655642578046375,0.0013437499999628955,2.1542115612734305,0.0,-0.00013750000000000004,3.749999999999999e-05,0.0
calibration,16,bit_a093_d093_off+000,bit_positions,'00000000000000000000000400000000,'00000000000000000000000400000000,"single bit 93 (byte 11, bit-in-byte 5, MSB-first)","single bit 93 (byte 11, bit-in-byte 5, offset +0)",hespn;feistel_null;spn_null,True,8,160000,64.00467499999976,0.3305724201880512,15.937681250000011,0.2905680710816984,0,0.0,0.00274375,-1.610722117358305,0.001725,-0.3863903138650417,0.42617719692631295,0.34361198174718216,0.765028115923916,0.2883083143091094,0.6735956787251042,False,0.0,True,8,160000,64.01279374999997,0.9046547381785408,15.937637500000024,0.22043095050061529,0,0.0,0.00294375,-0.13875702243480678,0.00163125,-1.2796435803634523,0.5080437452758738,0.615327610978839,0.36709686559901494,0.5117894364185361,0.6697881683515202,False,0.0,True,8,160000,64.02283750000002,1.614855111536384,15.938168750000006,1.0720959863477362,0,0.0,0.0027375,-1.6567210265746644,0.0016125,-1.4582942336631344,0.4735936880552199,0.1917438412290393,0.9411540048729969,0.666771915344037,0.6808086654211395,False,0.0,0.01816250000025832,1.284282691348333,0.00048749999999486704,0.7815279152660377,0.0,-6.250000000000179e-06,-0.00011249999999999997,0.0,0.008118750000207342,0.5740823179904896,-4.3749999987241495e-05,-0.07013712058108312,0.0,0.0002000000000000001,-9.374999999999987e-05,0.0
calibration,16,bit_a118_d118_off+000,bit_positions,'00000000000000000000000000000200,'00000000000000000000000000000200,"single bit 118 (byte 14, bit-in-byte 6, MSB-first)","single bit 118 (byte 14, bit-in-byte 6, offset +0)",hespn;feistel_null;spn_null,True,8,160000,64.01520625,1.0752442491421925,15.937550000000012,0.08015670927864649,0,0.0,0.00290625,-0.4147504777329627,0.00193125,1.5787668724314614,0.11930415738231877,0.23683919344303145,0.7818377062121961,0.9662636272817429,0.6735956787251042,False,0.0,True,8,160000,64.00593125,0.4194027095915025,15.9376375,0.22043095046074695,0,0.0,0.002775,-1.3807275712765086,0.00185625,0.8641642592327331,0.3733226409650259,0.6696238282150883,0.09362314720789106,0.7075499873180568,0.499323451775419,False,0.0,True,8,160000,64.00317499999981,0.22450640301358207,15.936856250000014,-1.032017631685631,0,0.0,0.002875,-0.6447450238147593,0.0017375,-0.2672898783319203,0.22133109943752727,0.03969728150760042,0.0827558158055132,0.6615174798910497,0.6620465264441056,False,0.0,-0.012031250000191562,-0.8507378461286105,-0.0006937499999981611,-1.1121743409642777,0.0,-3.125000000000003e-05,-0.00019375000000000013,0.0,-0.009275000000002365,-0.65584153955069,8.749999998691749e-05,0.14027424118210047,0.0,-0.00013124999999999986,-7.499999999999998e-05,0.0
calibration,16,bytepos_ab15_db15_a07_d10_off+00,byte_positions,'00000000000000000000000000000007,'00000000000000000000000000000010,"byte 15, value 0x07","byte 15, value 0x10, byte offset +0",hespn;feistel_null;spn_null,True,8,160000,64.00771250000011,0.5453561049979289,15.936387500000018,-1.7834867809814314,0,0.0,0.00310625,1.0572146171905357,0.00174375,-0.20773966056535959,0.31709318425002747,0.25862268686771056,0.9940159250112647,0.4176191519310908,0.8505424513976616,False,0.0,True,8,160000,64.00009374999992,0.0066291260679404,15.938131250000021,1.0119784544271957,0,0.0,0.00279375,-1.2427308436274305,0.0016,-1.5773946691962557,0.8259170664653478,0.08798294536343997,0.40065277585590947,0.4099026768153534,0.46381935743567343,False,0.0,True,8,160000,64.0060375,0.4269157191417334,15.937906250000012,0.6512732627473278,0,0.0,0.00323125,1.977192801517722,0.00173125,-0.32684009609848097,0.7055135891866823,0.747658794647933,0.6670112872037706,0.814961148275038,0.6808086654211395,False,0.0,-0.0016750000001053422,-0.11844038585619548,0.0015187499999935739,2.434760043728759,0.0,0.0001250000000000001,-1.2500000000000141e-05,0.0,-0.007618750000190744,-0.5387269789299884,0.0017437500000028194,2.795465235408627,0.0,-0.0003125000000000003,-0.00014375,0.0
calibration,16,value_b00_a07_d10,byte_values,'07000000000000000000000000000000,'10000000000000000000000000000000,"byte 0, value 0x07, weight 3","byte 0, value 0x10, weight 1",hespn;feistel_null;spn_null,True,8,160000,64.00462499999995,0.3270368862950643,15.937125000000005,-0.6011753194332231,0,0.0,0.00299375,0.2292342512960678,0.00185625,0.8641642592327331,0.461313615472078,0.8266388555880919,0.646174466861541,0.23148723373329494,0.8505424513976616,False,0.0,True,8,160000,63.98147499999997,-1.3099153121503648,15.9374,-0.16031341851742464,0,0.0,0.00310625,1.0572146171905357,0.00189375,1.2214655658320972,0.04687822332433759,0.2629147299432855,0.9854845518213579,0.5452928615849209,0.46381935743567343,False,0.0,True,8,160000,63.987681249999945,-0.8710671660780988,15.936812499999988,-1.1021547523293644,0,0.0,0.00295,-0.09275811321844746,0.00174375,-0.20773966056535959,0.2340279787385167,0.605878668472613,0.9313678378932856,0.46264290033794264,0.6808086654211395,False,0.0,-0.016943750000002922,-1.198104052373163,-0.00031250000001747935,-0.5009794328961413,0.0,-4.374999999999995e-05,-0.00011249999999999997,0.0,-0.023149999999979798,-1.6369521984454292,0.0002749999999949182,0.44086190091579847,0.0,0.00011250000000000019,3.749999999999999e-05,0.0
calibration,16,value_b00_a0F_dF0,byte_values,'0F000000000000000000000000000000,'F0000000000000000000000000000000,"byte 0, value 0x0F, weight 4","byte 0, value 0xF0, weight 4",hespn;feistel_null;spn_null,True,8,160000,64.02351874999991,1.663026760996645,15.937931249999995,0.6913516173496304,0,0.0,0.00295625,-0.04675920400208813,0.00169375,-0.6841414026978452,0.4125960517347774,0.6983815296266775,0.8134823670194062,0.4430141540188758,0.8505424513976616,False,0.0,True,8,160000,64.04098125000009,2.8978119776562568,15.937793750000003,0.4709206669002744,0,0.0,0.0027625,-1.4727253897092272,0.00175,-0.1481894427987989,0.15649700684726456,0.9739236819018924,0.04791940222308329,0.968026463428358,0.46381935743567343,False,0.0,True,8,160000,63.99844999999999,-0.10960155108453869,15.938537499999988,1.66325171710333,0,0.0,0.0028375,-0.9207384791129153,0.00154375,-2.113346629095302,0.5813507689601186,0.08233249589240071,0.7492823324799561,0.3961801487135007,0.6620465264441056,False,0.0,-0.025068749999917372,-1.7726283120811837,0.0006062499999934801,0.9719000997536997,0.0,-0.00011874999999999993,-0.00014999999999999996,0.0,0.017462500000178238,1.2347852166596118,-0.00013749999999213003,-0.22043095044935596,0.0,-0.0001937499999999999,5.625000000000009e-05,0.0
